{
    "std_dict": {
        "blocks.0.hook_resid_pre": 0.04765796288847923,
        "blocks.0.hook_resid_mid": 0.21619278192520142,
        "blocks.0.hook_resid_post": 0.5396474003791809,
        "blocks.1.hook_resid_pre": 0.5396474003791809,
        "blocks.1.hook_resid_mid": 0.7420785427093506,
        "blocks.1.hook_resid_post": 0.9636261463165283,
        "blocks.2.hook_resid_pre": 0.9636261463165283,
        "blocks.2.hook_resid_mid": 1.148392915725708,
        "blocks.2.hook_resid_post": 1.233614206314087,
        "blocks.3.hook_resid_pre": 1.233614206314087,
        "blocks.3.hook_resid_mid": 1.3095506429672241,
        "blocks.3.hook_resid_post": 1.3628830909729004,
        "blocks.4.hook_resid_pre": 1.3628830909729004,
        "blocks.4.hook_resid_mid": 1.412429928779602,
        "blocks.4.hook_resid_post": 1.451432466506958,
        "blocks.5.hook_resid_pre": 1.451432466506958,
        "blocks.5.hook_resid_mid": 1.49692964553833,
        "blocks.5.hook_resid_post": 1.5335346460342407,
        "blocks.6.hook_resid_pre": 1.5335346460342407,
        "blocks.6.hook_resid_mid": 1.5832123756408691,
        "blocks.6.hook_resid_post": 1.6203086376190186,
        "blocks.7.hook_resid_pre": 1.6203086376190186,
        "blocks.7.hook_resid_mid": 1.6661161184310913,
        "blocks.7.hook_resid_post": 1.7051358222961426,
        "blocks.8.hook_resid_pre": 1.7051358222961426,
        "blocks.8.hook_resid_mid": 1.7550770044326782,
        "blocks.8.hook_resid_post": 1.799913763999939,
        "blocks.9.hook_resid_pre": 1.799913763999939,
        "blocks.9.hook_resid_mid": 1.8489720821380615,
        "blocks.9.hook_resid_post": 1.8920217752456665,
        "blocks.10.hook_resid_pre": 1.8920217752456665,
        "blocks.10.hook_resid_mid": 1.9457859992980957,
        "blocks.10.hook_resid_post": 1.9917659759521484,
        "blocks.11.hook_resid_pre": 1.9917659759521484,
        "blocks.11.hook_resid_mid": 2.059602737426758,
        "blocks.11.hook_resid_post": 2.101661443710327,
        "blocks.12.hook_resid_pre": 2.101661443710327,
        "blocks.12.hook_resid_mid": 2.1641123294830322,
        "blocks.12.hook_resid_post": 2.207162380218506,
        "blocks.13.hook_resid_pre": 2.207162380218506,
        "blocks.13.hook_resid_mid": 2.2631850242614746,
        "blocks.13.hook_resid_post": 2.2967934608459473,
        "blocks.14.hook_resid_pre": 2.2967934608459473,
        "blocks.14.hook_resid_mid": 2.355924367904663,
        "blocks.14.hook_resid_post": 2.3890957832336426,
        "blocks.15.hook_resid_pre": 2.3890957832336426,
        "blocks.15.hook_resid_mid": 2.4629101753234863,
        "blocks.15.hook_resid_post": 2.49042010307312,
        "blocks.16.hook_resid_pre": 2.49042010307312,
        "blocks.16.hook_resid_mid": 2.5837104320526123,
        "blocks.16.hook_resid_post": 2.618995428085327,
        "blocks.17.hook_resid_pre": 2.618995428085327,
        "blocks.17.hook_resid_mid": 2.722418785095215,
        "blocks.17.hook_resid_post": 2.7673280239105225,
        "blocks.18.hook_resid_pre": 2.7673280239105225,
        "blocks.18.hook_resid_mid": 2.8714065551757812,
        "blocks.18.hook_resid_post": 2.916590929031372,
        "blocks.19.hook_resid_pre": 2.916590929031372,
        "blocks.19.hook_resid_mid": 3.016226053237915,
        "blocks.19.hook_resid_post": 3.0712268352508545,
        "blocks.20.hook_resid_pre": 3.0712268352508545,
        "blocks.20.hook_resid_mid": 3.1742424964904785,
        "blocks.20.hook_resid_post": 3.243107795715332,
        "blocks.21.hook_resid_pre": 3.243107795715332,
        "blocks.21.hook_resid_mid": 3.347853899002075,
        "blocks.21.hook_resid_post": 3.4291603565216064,
        "blocks.22.hook_resid_pre": 3.4291603565216064,
        "blocks.22.hook_resid_mid": 3.5284945964813232,
        "blocks.22.hook_resid_post": 3.6255593299865723,
        "blocks.23.hook_resid_pre": 3.6255593299865723,
        "blocks.23.hook_resid_mid": 3.741149425506592,
        "blocks.23.hook_resid_post": 3.845292329788208,
        "blocks.24.hook_resid_pre": 3.845292329788208,
        "blocks.24.hook_resid_mid": 3.9817912578582764,
        "blocks.24.hook_resid_post": 4.105672359466553,
        "blocks.25.hook_resid_pre": 4.105672359466553,
        "blocks.25.hook_resid_mid": 4.2535223960876465,
        "blocks.25.hook_resid_post": 4.39281702041626,
        "blocks.26.hook_resid_pre": 4.39281702041626,
        "blocks.26.hook_resid_mid": 4.5686845779418945,
        "blocks.26.hook_resid_post": 4.722786903381348,
        "blocks.27.hook_resid_pre": 4.722786903381348,
        "blocks.27.hook_resid_mid": 4.8937201499938965,
        "blocks.27.hook_resid_post": 5.081528663635254,
        "blocks.28.hook_resid_pre": 5.081528663635254,
        "blocks.28.hook_resid_mid": 5.252962112426758,
        "blocks.28.hook_resid_post": 5.4618706703186035,
        "blocks.29.hook_resid_pre": 5.4618706703186035,
        "blocks.29.hook_resid_mid": 5.627913475036621,
        "blocks.29.hook_resid_post": 5.85018253326416,
        "blocks.30.hook_resid_pre": 5.85018253326416,
        "blocks.30.hook_resid_mid": 6.06485652923584,
        "blocks.30.hook_resid_post": 6.30906343460083,
        "blocks.31.hook_resid_pre": 6.30906343460083,
        "blocks.31.hook_resid_mid": 6.66454553604126,
        "blocks.31.hook_resid_post": 6.92678165435791,
        "blocks.32.hook_resid_pre": 6.92678165435791,
        "blocks.32.hook_resid_mid": 7.568367958068848,
        "blocks.32.hook_resid_post": 7.997513771057129,
        "blocks.33.hook_resid_pre": 7.997513771057129,
        "blocks.33.hook_resid_mid": 8.775092124938965,
        "blocks.33.hook_resid_post": 9.426719665527344,
        "blocks.34.hook_resid_pre": 9.426719665527344,
        "blocks.34.hook_resid_mid": 10.159444808959961,
        "blocks.34.hook_resid_post": 10.796273231506348,
        "blocks.35.hook_resid_pre": 10.796273231506348,
        "blocks.35.hook_resid_mid": 10.96544075012207,
        "blocks.35.hook_resid_post": 11.338309288024902
    },
    "std_bos_dict": {
        "blocks.0.hook_resid_pre": 0.10891421884298325,
        "blocks.0.hook_resid_mid": 0.2240024209022522,
        "blocks.0.hook_resid_post": 1.3363791704177856,
        "blocks.1.hook_resid_pre": 1.3363791704177856,
        "blocks.1.hook_resid_mid": 1.2675392627716064,
        "blocks.1.hook_resid_post": 1.8264187574386597,
        "blocks.2.hook_resid_pre": 1.8264187574386597,
        "blocks.2.hook_resid_mid": 1.8432586193084717,
        "blocks.2.hook_resid_post": 1.982254981994629,
        "blocks.3.hook_resid_pre": 1.982254981994629,
        "blocks.3.hook_resid_mid": 1.9416307210922241,
        "blocks.3.hook_resid_post": 1.8790327310562134,
        "blocks.4.hook_resid_pre": 1.8790327310562134,
        "blocks.4.hook_resid_mid": 1.8532342910766602,
        "blocks.4.hook_resid_post": 1.8597804307937622,
        "blocks.5.hook_resid_pre": 1.8597804307937622,
        "blocks.5.hook_resid_mid": 1.9273985624313354,
        "blocks.5.hook_resid_post": 2.320871114730835,
        "blocks.6.hook_resid_pre": 2.320871114730835,
        "blocks.6.hook_resid_mid": 2.385559558868408,
        "blocks.6.hook_resid_post": 4.532920837402344,
        "blocks.7.hook_resid_pre": 4.532920837402344,
        "blocks.7.hook_resid_mid": 4.556667804718018,
        "blocks.7.hook_resid_post": 12.657064437866211,
        "blocks.8.hook_resid_pre": 12.657064437866211,
        "blocks.8.hook_resid_mid": 12.670171737670898,
        "blocks.8.hook_resid_post": 30.726900100708008,
        "blocks.9.hook_resid_pre": 30.726900100708008,
        "blocks.9.hook_resid_mid": 30.72886848449707,
        "blocks.9.hook_resid_post": 44.37870407104492,
        "blocks.10.hook_resid_pre": 44.37870407104492,
        "blocks.10.hook_resid_mid": 44.38177490234375,
        "blocks.10.hook_resid_post": 53.74150848388672,
        "blocks.11.hook_resid_pre": 53.74150848388672,
        "blocks.11.hook_resid_mid": 53.74747848510742,