{
    "std_dict": {
        "blocks.0.hook_resid_pre": 0.16550205647945404,
        "blocks.0.hook_resid_mid": 1.2034999132156372,
        "blocks.0.hook_resid_post": 1.8233492374420166,
        "blocks.1.hook_resid_pre": 1.8233492374420166,
        "blocks.1.hook_resid_mid": 1.9659183025360107,
        "blocks.1.hook_resid_post": 2.050793170928955,
        "blocks.2.hook_resid_pre": 2.050793170928955,
        "blocks.2.hook_resid_mid": 2.125267744064331,
        "blocks.2.hook_resid_post": 2.1941611766815186,
        "blocks.3.hook_resid_pre": 2.1941611766815186,
        "blocks.3.hook_resid_mid": 2.2782115936279297,
        "blocks.3.hook_resid_post": 2.3939850330352783,
        "blocks.4.hook_resid_pre": 2.3939850330352783,
        "blocks.4.hook_resid_mid": 2.4769446849823,
        "blocks.4.hook_resid_post": 2.5630054473876953,
        "blocks.5.hook_resid_pre": 2.5630054473876953,
        "blocks.5.hook_resid_mid": 2.6769299507141113,
        "blocks.5.hook_resid_post": 2.811925172805786,
        "blocks.6.hook_resid_pre": 2.811925172805786,
        "blocks.6.hook_resid_mid": 2.966839075088501,
        "blocks.6.hook_resid_post": 3.136202573776245,
        "blocks.7.hook_resid_pre": 3.136202573776245,
        "blocks.7.hook_resid_mid": 3.4040181636810303,
        "blocks.7.hook_resid_post": 3.6501049995422363,
        "blocks.8.hook_resid_pre": 3.6501049995422363,
        "blocks.8.hook_resid_mid": 3.948310375213623,
        "blocks.8.hook_resid_post": 4.302515506744385,
        "blocks.9.hook_resid_pre": 4.302515506744385,
        "blocks.9.hook_resid_mid": 4.888816833496094,
        "blocks.9.hook_resid_post": 5.427492618560791,
        "blocks.10.hook_resid_pre": 5.427492618560791,
        "blocks.10.hook_resid_mid": 6.6438374519348145,
        "blocks.10.hook_resid_post": 7.88812255859375,
        "blocks.11.hook_resid_pre": 7.88812255859375,
        "blocks.11.hook_resid_mid": 14.798440933227539,
        "blocks.11.hook_resid_post": 16.457752227783203
    },
    "std_bos_dict": {
        "blocks.0.hook_resid_pre": 0.36574310064315796,
        "blocks.0.hook_resid_mid": 1.0262951850891113,
        "blocks.0.hook_resid_post": 5.076220512390137,
        "blocks.1.hook_resid_pre": 5.076220512390137,
        "blocks.1.hook_resid_mid": 6.161757946014404,
        "blocks.1.hook_resid_post": 22.986648559570312,
        "blocks.2.hook_resid_pre": 22.986648559570312,
        "blocks.2.hook_resid_mid": 23.019432067871094,
        "blocks.2.hook_resid_post": 92.73070526123047,
        "blocks.3.hook_resid_pre": 92.73070526123047,
        "blocks.3.hook_resid_mid": 92.63177490234375,
        "blocks.3.hook_resid_post": 99.5005874633789,
        "blocks.4.hook_resid_pre": 99.5005874633789,
        "blocks.4.hook_resid_mid": 99.46707153320312,
        "blocks.4.hook_resid_post": 104.92495727539062,
        "blocks.5.hook_resid_pre": 104.92495727539062,
        "blocks.5.hook_resid_mid": 104.88057708740234,
        "blocks.5.hook_resid_post": 108.320556640625,
        "blocks.6.hook_resid_pre": 108.320556640625,
        "blocks.6.hook_resid_mid": 108.35130310058594,
        "blocks.6.hook_resid_post": 110.3542709350586,
        "blocks.7.hook_resid_pre": 110.3542709350586,
        "blocks.7.hook_resid_mid": 110.37872314453125,
        "blocks.7.hook_resid_post": 111.57738494873047,
        "blocks.8.hook_resid_pre": 111.57738494873047,
        "blocks.8.hook_resid_mid": 111.64122009277344,
        "blocks.8.hook_resid_post": 112.3315200805664,
        "blocks.9.hook_resid_pre": 112.3315200805664,
        "blocks.9.hook_resid_mid": 112.38639831542969,
        "blocks.9.hook_resid_post": 112.7103042602539,
        "blocks.10.hook_resid_pre": 112.7103042602539,
        "blocks.10.hook_resid_mid": 112.7408676147461,
        "blocks.10.hook_resid_post": 112.7574234008789,
        "blocks.11.hook_resid_pre": 112.7574234008789,
        "blocks.11.hook_resid_mid": 17.534587860107422,
        "blocks.11.hook_resid_post": 13.863744735717773
    }
}