{
    "std_dict": {
        "blocks.0.hook_resid_pre": 0.09736806899309158,
        "blocks.0.hook_resid_mid": 0.10079556703567505,
        "blocks.0.hook_resid_post": 3.371537208557129,
        "blocks.1.hook_resid_pre": 3.371537208557129,
        "blocks.1.hook_resid_mid": 3.707296371459961,
        "blocks.1.hook_resid_post": 3.8455395698547363,
        "blocks.2.hook_resid_pre": 3.8455395698547363,
        "blocks.2.hook_resid_mid": 4.160010814666748,
        "blocks.2.hook_resid_post": 4.084658622741699,
        "blocks.3.hook_resid_pre": 4.084658622741699,
        "blocks.3.hook_resid_mid": 4.20881986618042,
        "blocks.3.hook_resid_post": 4.258484363555908,
        "blocks.4.hook_resid_pre": 4.258484363555908,
        "blocks.4.hook_resid_mid": 4.393777370452881,
        "blocks.4.hook_resid_post": 4.517019271850586,
        "blocks.5.hook_resid_pre": 4.517019271850586,
        "blocks.5.hook_resid_mid": 4.664542198181152,
        "blocks.5.hook_resid_post": 4.765847682952881,
        "blocks.6.hook_resid_pre": 4.765847682952881,
        "blocks.6.hook_resid_mid": 4.938422203063965,
        "blocks.6.hook_resid_post": 5.041027069091797,
        "blocks.7.hook_resid_pre": 5.041027069091797,
        "blocks.7.hook_resid_mid": 5.201627731323242,
        "blocks.7.hook_resid_post": 5.290719032287598,
        "blocks.8.hook_resid_pre": 5.290719032287598,
        "blocks.8.hook_resid_mid": 5.3998284339904785,
        "blocks.8.hook_resid_post": 5.480762958526611,
        "blocks.9.hook_resid_pre": 5.480762958526611,
        "blocks.9.hook_resid_mid": 5.522249698638916,
        "blocks.9.hook_resid_post": 5.548706531524658,
        "blocks.10.hook_resid_pre": 5.548706531524658,
        "blocks.10.hook_resid_mid": 5.63755464553833,
        "blocks.10.hook_resid_post": 5.697286605834961,
        "blocks.11.hook_resid_pre": 5.697286605834961,
        "blocks.11.hook_resid_mid": 5.820034503936768,
        "blocks.11.hook_resid_post": 5.9004435539245605,
        "blocks.12.hook_resid_pre": 5.9004435539245605,
        "blocks.12.hook_resid_mid": 6.020984172821045,
        "blocks.12.hook_resid_post": 6.1244330406188965,
        "blocks.13.hook_resid_pre": 6.1244330406188965,
        "blocks.13.hook_resid_mid": 6.267610549926758,
        "blocks.13.hook_resid_post": 6.391368865966797,
        "blocks.14.hook_resid_pre": 6.391368865966797,
        "blocks.14.hook_resid_mid": 6.5729899406433105,
        "blocks.14.hook_resid_post": 6.745975971221924,
        "blocks.15.hook_resid_pre": 6.745975971221924,
        "blocks.15.hook_resid_mid": 6.99776554107666,
        "blocks.15.hook_resid_post": 7.220285415649414,
        "blocks.16.hook_resid_pre": 7.220285415649414,
        "blocks.16.hook_resid_mid": 7.540741920471191,
        "blocks.16.hook_resid_post": 7.814550399780273,
        "blocks.17.hook_resid_pre": 7.814550399780273,
        "blocks.17.hook_resid_mid": 8.259294509887695,
        "blocks.17.hook_resid_post": 8.63265323638916,
        "blocks.18.hook_resid_pre": 8.63265323638916,
        "blocks.18.hook_resid_mid": 9.156219482421875,
        "blocks.18.hook_resid_post": 9.587581634521484,
        "blocks.19.hook_resid_pre": 9.587581634521484,
        "blocks.19.hook_resid_mid": 10.4253568649292,
        "blocks.19.hook_resid_post": 11.027209281921387,
        "blocks.20.hook_resid_pre": 11.027209281921387,
        "blocks.20.hook_resid_mid": 12.115561485290527,
        "blocks.20.hook_resid_post": 12.742454528808594,
        "blocks.21.hook_resid_pre": 12.742454528808594,
        "blocks.21.hook_resid_mid": 14.75185775756836,
        "blocks.21.hook_resid_post": 15.956629753112793,
        "blocks.22.hook_resid_pre": 15.956629753112793,
        "blocks.22.hook_resid_mid": 19.22115135192871,
        "blocks.22.hook_resid_post": 22.0533504486084,
        "blocks.23.hook_resid_pre": 22.0533504486084,
        "blocks.23.hook_resid_mid": 27.143827438354492,
        "blocks.23.hook_resid_post": 28.521883010864258
    },
    "std_bos_dict": {
        "blocks.0.hook_resid_pre": 0.20912466943264008,
        "blocks.0.hook_resid_mid": 0.2040737420320511,
        "blocks.0.hook_resid_post": 4.457598686218262,
        "blocks.1.hook_resid_pre": 4.457598686218262,
        "blocks.1.hook_resid_mid": 4.420346736907959,
        "blocks.1.hook_resid_post": 5.888025760650635,
        "blocks.2.hook_resid_pre": 5.888025760650635,
        "blocks.2.hook_resid_mid": 6.164521217346191,
        "blocks.2.hook_resid_post": 13.987669944763184,
        "blocks.3.hook_resid_pre": 13.987669944763184,
        "blocks.3.hook_resid_mid": 14.093276977539062,
        "blocks.3.hook_resid_post": 112.44015502929688,
        "blocks.4.hook_resid_pre": 112.44015502929688,
        "blocks.4.hook_resid_mid": 112.4253158569336,
        "blocks.4.hook_resid_post": 115.95563507080078,
        "blocks.5.hook_resid_pre": 115.95563507080078,
        "blocks.5.hook_resid_mid": 115.92044830322266,
        "blocks.5.hook_resid_post": 120.83080291748047,
        "blocks.6.hook_resid_pre": 120.83080291748047,
        "blocks.6.hook_resid_mid": 120.802001953125,
        "blocks.6.hook_resid_post": 123.63877868652344,
        "blocks.7.hook_resid_pre": 123.63877868652344,
        "blocks.7.hook_resid_mid": 123.60743713378906,
        "blocks.7.hook_resid_post": 125.15248107910156,
        "blocks.8.hook_resid_pre": 125.15248107910156,
        "blocks.8.hook_resid_mid": 125.19418334960938,
        "blocks.8.hook_resid_post": 126.05992889404297,
        "blocks.9.hook_resid_pre": 126.05992889404297,
        "blocks.9.hook_resid_mid": 126.06388092041016,
        "blocks.9.hook_resid_post": 126.28173065185547,
        "blocks.10.hook_resid_pre": 126.28173065185547,
        "blocks.10.hook_resid_mid": 126.30287170410156,
        "blocks.10.hook_resid_post": 126.45901489257812,
        "blocks.11.hook_resid_pre": 126.45901489257812,
        "blocks.11.hook_resid_mid": 126.46539306640625,
        "blocks.11.hook_resid_post": 126.46453094482422,
        "blocks.12.hook_resid_pre": 126.46453094482422,
        "blocks.12.hook_resid_mid": 126.47695922851562,
        "blocks.12.hook_resid_post": 126.46656036376953,
        "blocks.13.hook_resid_pre": 126.46656036376953,
        "blocks.13.hook_resid_mid": 126.47747039794922,
        "blocks.13.hook_resid_post": 126.50312805175781,
        "blocks.14.hook_resid_pre": 126.50312805175781,
        "blocks.14.hook_resid_mid": 126.51397705078125,
        "blocks.14.hook_resid_post": 126.52916717529297,
        "blocks.15.hook_resid_pre": 126.52916717529297,
        "blocks.15.hook_resid_mid": 126.53874206542969,
        "blocks.15.hook_resid_post": 126.57164001464844,
        "blocks.16.hook_resid_pre": 126.57164001464844,
        "blocks.16.hook_resid_mid": 126.58525085449219,
        "blocks.16.hook_resid_post": 126.51652526855469,
        "blocks.17.hook_resid_pre": 126.51652526855469,
        "blocks.17.hook_resid_mid": 126.57894897460938,
        "blocks.17.hook_resid_post": 126.40567779541016,
        "blocks.18.hook_resid_pre": 126.40567779541016,
        "blocks.18.hook_resid_mid": 126.45941925048828,
        "blocks.18.hook_resid_post": 126.0229263305664,
        "blocks.19.hook_resid_pre": 126.0229263305664,
        "blocks.19.hook_resid_mid": 126.08203125,
        "blocks.19.hook_resid_post": 125.20484161376953,
        "blocks.20.hook_resid_pre": 125.20484161376953,
        "blocks.20.hook_resid_mid": 125.21708679199219,
        "blocks.20.hook_resid_post": 123.88046264648438,
        "blocks.21.hook_resid_pre": 123.88046264648438,
        "blocks.21.hook_resid_mid": 123.8876724243164,
        "blocks.21.hook_resid_post": 121.73599243164062,
        "blocks.22.hook_resid_pre": 121.73599243164062,
        "blocks.22.hook_resid_mid": 121.60540771484375,
        "blocks.22.hook_resid_post": 64.56481170654297,
        "blocks.23.hook_resid_pre": 64.56481170654297,
        "blocks.23.hook_resid_mid": 16.483369827270508,