{
    "std_dict": {
        "blocks.0.hook_resid_pre": 0.03768300637602806,
        "blocks.0.hook_resid_mid": 0.04708075150847435,
        "blocks.0.hook_resid_post": 0.5892167091369629,
        "blocks.1.hook_resid_pre": 0.5892167091369629,
        "blocks.1.hook_resid_mid": 0.7243589758872986,
        "blocks.1.hook_resid_post": 1.007138729095459,
        "blocks.2.hook_resid_pre": 1.007138729095459,
        "blocks.2.hook_resid_mid": 1.1939510107040405,
        "blocks.2.hook_resid_post": 1.3038314580917358,
        "blocks.3.hook_resid_pre": 1.3038314580917358,
        "blocks.3.hook_resid_mid": 1.4218833446502686,
        "blocks.3.hook_resid_post": 1.494815468788147,
        "blocks.4.hook_resid_pre": 1.494815468788147,
        "blocks.4.hook_resid_mid": 1.5737251043319702,
        "blocks.4.hook_resid_post": 1.6345915794372559,
        "blocks.5.hook_resid_pre": 1.6345915794372559,
        "blocks.5.hook_resid_mid": 1.6931837797164917,
        "blocks.5.hook_resid_post": 1.7477012872695923,
        "blocks.6.hook_resid_pre": 1.7477012872695923,
        "blocks.6.hook_resid_mid": 1.7986199855804443,
        "blocks.6.hook_resid_post": 1.849661946296692,
        "blocks.7.hook_resid_pre": 1.849661946296692,
        "blocks.7.hook_resid_mid": 1.8913580179214478,
        "blocks.7.hook_resid_post": 1.945104718208313,
        "blocks.8.hook_resid_pre": 1.945104718208313,
        "blocks.8.hook_resid_mid": 1.991699457168579,
        "blocks.8.hook_resid_post": 2.0615768432617188,
        "blocks.9.hook_resid_pre": 2.0615768432617188,
        "blocks.9.hook_resid_mid": 2.1051130294799805,
        "blocks.9.hook_resid_post": 2.295565128326416,
        "blocks.10.hook_resid_pre": 2.295565128326416,
        "blocks.10.hook_resid_mid": 2.3431053161621094,
        "blocks.10.hook_resid_post": 2.6494884490966797,
        "blocks.11.hook_resid_pre": 2.6494884490966797,
        "blocks.11.hook_resid_mid": 2.68765926361084,
        "blocks.11.hook_resid_post": 2.9952588081359863,
        "blocks.12.hook_resid_pre": 2.9952588081359863,
        "blocks.12.hook_resid_mid": 3.028815746307373,
        "blocks.12.hook_resid_post": 3.2949891090393066,
        "blocks.13.hook_resid_pre": 3.2949891090393066,
        "blocks.13.hook_resid_mid": 3.3304688930511475,
        "blocks.13.hook_resid_post": 3.5526092052459717,
        "blocks.14.hook_resid_pre": 3.5526092052459717,
        "blocks.14.hook_resid_mid": 3.5965988636016846,
        "blocks.14.hook_resid_post": 3.809098958969116,
        "blocks.15.hook_resid_pre": 3.809098958969116,
        "blocks.15.hook_resid_mid": 3.847764253616333,
        "blocks.15.hook_resid_post": 4.020053386688232,
        "blocks.16.hook_resid_pre": 4.020053386688232,
        "blocks.16.hook_resid_mid": 4.057492733001709,
        "blocks.16.hook_resid_post": 4.191361427307129,
        "blocks.17.hook_resid_pre": 4.191361427307129,
        "blocks.17.hook_resid_mid": 4.229286193847656,
        "blocks.17.hook_resid_post": 4.3385701179504395,
        "blocks.18.hook_resid_pre": 4.3385701179504395,
        "blocks.18.hook_resid_mid": 4.386772632598877,
        "blocks.18.hook_resid_post": 4.477073669433594,
        "blocks.19.hook_resid_pre": 4.477073669433594,
        "blocks.19.hook_resid_mid": 4.531001567840576,
        "blocks.19.hook_resid_post": 4.607967853546143,
        "blocks.20.hook_resid_pre": 4.607967853546143,
        "blocks.20.hook_resid_mid": 4.656158447265625,
        "blocks.20.hook_resid_post": 4.714173316955566,
        "blocks.21.hook_resid_pre": 4.714173316955566,
        "blocks.21.hook_resid_mid": 4.764424800872803,
        "blocks.21.hook_resid_post": 4.816599369049072,
        "blocks.22.hook_resid_pre": 4.816599369049072,
        "blocks.22.hook_resid_mid": 4.892480850219727,
        "blocks.22.hook_resid_post": 4.956729412078857,
        "blocks.23.hook_resid_pre": 4.956729412078857,
        "blocks.23.hook_resid_mid": 5.017358779907227,
        "blocks.23.hook_resid_post": 5.081245422363281,
        "blocks.24.hook_resid_pre": 5.081245422363281,
        "blocks.24.hook_resid_mid": 5.146403789520264,
        "blocks.24.hook_resid_post": 5.203212738037109,
        "blocks.25.hook_resid_pre": 5.203212738037109,
        "blocks.25.hook_resid_mid": 5.281446933746338,
        "blocks.25.hook_resid_post": 5.354913711547852,
        "blocks.26.hook_resid_pre": 5.354913711547852,
        "blocks.26.hook_resid_mid": 5.439764976501465,
        "blocks.26.hook_resid_post": 5.519425392150879,
        "blocks.27.hook_resid_pre": 5.519425392150879,
        "blocks.27.hook_resid_mid": 5.607879161834717,
        "blocks.27.hook_resid_post": 5.694772720336914,
        "blocks.28.hook_resid_pre": 5.694772720336914,
        "blocks.28.hook_resid_mid": 5.8105387687683105,
        "blocks.28.hook_resid_post": 5.91606330871582,
        "blocks.29.hook_resid_pre": 5.91606330871582,
        "blocks.29.hook_resid_mid": 6.000644207000732,
        "blocks.29.hook_resid_post": 6.110389232635498,
        "blocks.30.hook_resid_pre": 6.110389232635498,
        "blocks.30.hook_resid_mid": 6.18717622756958,
        "blocks.30.hook_resid_post": 6.303648948669434,
        "blocks.31.hook_resid_pre": 6.303648948669434,
        "blocks.31.hook_resid_mid": 6.413993835449219,
        "blocks.31.hook_resid_post": 6.5434699058532715,
        "blocks.32.hook_resid_pre": 6.5434699058532715,
        "blocks.32.hook_resid_mid": 6.646627426147461,
        "blocks.32.hook_resid_post": 6.78633975982666,
        "blocks.33.hook_resid_pre": 6.78633975982666,
        "blocks.33.hook_resid_mid": 6.926380634307861,
        "blocks.33.hook_resid_post": 7.072505950927734,
        "blocks.34.hook_resid_pre": 7.072505950927734,
        "blocks.34.hook_resid_mid": 7.2180280685424805,
        "blocks.34.hook_resid_post": 7.376461029052734,
        "blocks.35.hook_resid_pre": 7.376461029052734,
        "blocks.35.hook_resid_mid": 7.471737384796143,
        "blocks.35.hook_resid_post": 7.632294654846191,
        "blocks.36.hook_resid_pre": 7.632294654846191,
        "blocks.36.hook_resid_mid": 7.7500224113464355,
        "blocks.36.hook_resid_post": 7.925036430358887,
        "blocks.37.hook_resid_pre": 7.925036430358887,
        "blocks.37.hook_resid_mid": 8.047994613647461,
        "blocks.37.hook_resid_post": 8.212488174438477,
        "blocks.38.hook_resid_pre": 8.212488174438477,
        "blocks.38.hook_resid_mid": 8.317110061645508,
        "blocks.38.hook_resid_post": 8.495603561401367,
        "blocks.39.hook_resid_pre": 8.495603561401367,
        "blocks.39.hook_resid_mid": 8.646881103515625,
        "blocks.39.hook_resid_post": 8.864142417907715,
        "blocks.40.hook_resid_pre": 8.864142417907715,
        "blocks.40.hook_resid_mid": 9.003427505493164,
        "blocks.40.hook_resid_post": 9.191780090332031,
        "blocks.41.hook_resid_pre": 9.191780090332031,
        "blocks.41.hook_resid_mid": 9.36070442199707,
        "blocks.41.hook_resid_post": 9.549017906188965,
        "blocks.42.hook_resid_pre": 9.549017906188965,
        "blocks.42.hook_resid_mid": 9.768905639648438,
        "blocks.42.hook_resid_post": 9.997082710266113,
        "blocks.43.hook_resid_pre": 9.997082710266113,
        "blocks.43.hook_resid_mid": 10.2588472366333,
        "blocks.43.hook_resid_post": 10.556591033935547,
        "blocks.44.hook_resid_pre": 10.556591033935547,
        "blocks.44.hook_resid_mid": 11.011292457580566,
        "blocks.44.hook_resid_post": 11.756762504577637,
        "blocks.45.hook_resid_pre": 11.756762504577637,
        "blocks.45.hook_resid_mid": 12.47884464263916,
        "blocks.45.hook_resid_post": 13.91667366027832,
        "blocks.46.hook_resid_pre": 13.91667366027832,
        "blocks.46.hook_resid_mid": 14.95012092590332,
        "blocks.46.hook_resid_post": 16.067712783813477,
        "blocks.47.hook_resid_pre": 16.067712783813477,
        "blocks.47.hook_resid_mid": 16.39984893798828,