{
    "std_dict": {
        "blocks.0.hook_resid_pre": 0.16510336101055145,
        "blocks.0.hook_resid_mid": 1.2029235363006592,
        "blocks.0.hook_resid_post": 1.8218798637390137,
        "blocks.1.hook_resid_pre": 1.8218798637390137,
        "blocks.1.hook_resid_mid": 1.985144853591919,
        "blocks.1.hook_resid_post": 2.0680065155029297,
        "blocks.2.hook_resid_pre": 2.0680065155029297,
        "blocks.2.hook_resid_mid": 2.133950710296631,
        "blocks.2.hook_resid_post": 2.2168772220611572,
        "blocks.3.hook_resid_pre": 2.2168772220611572,
        "blocks.3.hook_resid_mid": 2.3164994716644287,
        "blocks.3.hook_resid_post": 2.4157605171203613,
        "blocks.4.hook_resid_pre": 2.4157605171203613,
        "blocks.4.hook_resid_mid": 2.5128934383392334,
        "blocks.4.hook_resid_post": 2.5850939750671387,
        "blocks.5.hook_resid_pre": 2.5850939750671387,
        "blocks.5.hook_resid_mid": 2.765942335128784,
        "blocks.5.hook_resid_post": 2.856628179550171,
        "blocks.6.hook_resid_pre": 2.856628179550171,
        "blocks.6.hook_resid_mid": 3.057215690612793,
        "blocks.6.hook_resid_post": 3.181777238845825,
        "blocks.7.hook_resid_pre": 3.181777238845825,
        "blocks.7.hook_resid_mid": 3.503495693206787,
        "blocks.7.hook_resid_post": 3.7154927253723145,
        "blocks.8.hook_resid_pre": 3.7154927253723145,
        "blocks.8.hook_resid_mid": 4.105168342590332,
        "blocks.8.hook_resid_post": 4.398664474487305,
        "blocks.9.hook_resid_pre": 4.398664474487305,
        "blocks.9.hook_resid_mid": 4.978814601898193,
        "blocks.9.hook_resid_post": 5.446485996246338,
        "blocks.10.hook_resid_pre": 5.446485996246338,
        "blocks.10.hook_resid_mid": 6.500365734100342,
        "blocks.10.hook_resid_post": 7.855680465698242,
        "blocks.11.hook_resid_pre": 7.855680465698242,
        "blocks.11.hook_resid_mid": 15.105935096740723,
        "blocks.11.hook_resid_post": 17.540870666503906
    },
    "std_bos_dict": {
        "blocks.0.hook_resid_pre": 0.3703102171421051,
        "blocks.0.hook_resid_mid": 1.0045220851898193,
        "blocks.0.hook_resid_post": 5.278172969818115,
        "blocks.1.hook_resid_pre": 5.278172969818115,
        "blocks.1.hook_resid_mid": 6.311039447784424,
        "blocks.1.hook_resid_post": 23.15048599243164,
        "blocks.2.hook_resid_pre": 23.15048599243164,
        "blocks.2.hook_resid_mid": 23.184688568115234,
        "blocks.2.hook_resid_post": 92.95124053955078,
        "blocks.3.hook_resid_pre": 92.95124053955078,
        "blocks.3.hook_resid_mid": 92.85395050048828,
        "blocks.3.hook_resid_post": 99.84330749511719,
        "blocks.4.hook_resid_pre": 99.84330749511719,
        "blocks.4.hook_resid_mid": 99.80989074707031,
        "blocks.4.hook_resid_post": 105.32115936279297,
        "blocks.5.hook_resid_pre": 105.32115936279297,
        "blocks.5.hook_resid_mid": 105.27474212646484,
        "blocks.5.hook_resid_post": 108.74948120117188,
        "blocks.6.hook_resid_pre": 108.74948120117188,
        "blocks.6.hook_resid_mid": 108.77791595458984,
        "blocks.6.hook_resid_post": 110.79951477050781,
        "blocks.7.hook_resid_pre": 110.79951477050781,
        "blocks.7.hook_resid_mid": 110.82206726074219,
        "blocks.7.hook_resid_post": 112.03382873535156,
        "blocks.8.hook_resid_pre": 112.03382873535156,
        "blocks.8.hook_resid_mid": 112.0968246459961,
        "blocks.8.hook_resid_post": 112.7955551147461,
        "blocks.9.hook_resid_pre": 112.7955551147461,
        "blocks.9.hook_resid_mid": 112.85337829589844,
        "blocks.9.hook_resid_post": 113.18721008300781,
        "blocks.10.hook_resid_pre": 113.18721008300781,
        "blocks.10.hook_resid_mid": 113.2158203125,
        "blocks.10.hook_resid_post": 113.25364685058594,
        "blocks.11.hook_resid_pre": 113.25364685058594,
        "blocks.11.hook_resid_mid": 17.71397590637207,
        "blocks.11.hook_resid_post": 14.05588436126709
    }
}